Index,PubID,Result,Links
1,36049847,no,https://pubmed.ncbi.nlm.nih.gov/36049847
2,30908805,no,https://pubmed.ncbi.nlm.nih.gov/30908805
3,35276220,no,https://pubmed.ncbi.nlm.nih.gov/35276220
4,30000851,no,https://pubmed.ncbi.nlm.nih.gov/30000851
5,30000835,no,https://pubmed.ncbi.nlm.nih.gov/30000835
6,32220159,no,https://pubmed.ncbi.nlm.nih.gov/32220159
8,30000834,no,https://pubmed.ncbi.nlm.nih.gov/30000834
9,35727713,no,https://pubmed.ncbi.nlm.nih.gov/35727713
10,37376945,no,https://pubmed.ncbi.nlm.nih.gov/37376945
11,30399096,yes,https://pubmed.ncbi.nlm.nih.gov/30399096
12,34806684,no,https://pubmed.ncbi.nlm.nih.gov/34806684
13,35015414,no,https://pubmed.ncbi.nlm.nih.gov/35015414
15,30938712,no,https://pubmed.ncbi.nlm.nih.gov/30938712
16,32662343,no,https://pubmed.ncbi.nlm.nih.gov/32662343
17,36902633,no,https://pubmed.ncbi.nlm.nih.gov/36902633
18,36033249,no,https://pubmed.ncbi.nlm.nih.gov/36033249
19,31490823,no,https://pubmed.ncbi.nlm.nih.gov/31490823
20,34049966,yes,https://pubmed.ncbi.nlm.nih.gov/34049966
21,36177063,no,https://pubmed.ncbi.nlm.nih.gov/36177063
22,31565446,yes,https://pubmed.ncbi.nlm.nih.gov/31565446
23,35821899,no,https://pubmed.ncbi.nlm.nih.gov/35821899
24,36447734,maybe,https://pubmed.ncbi.nlm.nih.gov/36447734
25,31913959,yes,https://pubmed.ncbi.nlm.nih.gov/31913959
26,30337419,no,https://pubmed.ncbi.nlm.nih.gov/30337419
27,31227569,no,https://pubmed.ncbi.nlm.nih.gov/31227569
28,33619144,no,https://pubmed.ncbi.nlm.nih.gov/33619144
29,34623978,maybe,https://pubmed.ncbi.nlm.nih.gov/34623978
30,36381720,no,https://pubmed.ncbi.nlm.nih.gov/36381720
31,33224397,no,https://pubmed.ncbi.nlm.nih.gov/33224397
32,37435108,no,https://pubmed.ncbi.nlm.nih.gov/37435108
33,35861278,no,https://pubmed.ncbi.nlm.nih.gov/35861278
34,33786258,yes,https://pubmed.ncbi.nlm.nih.gov/33786258
35,30910995,no,https://pubmed.ncbi.nlm.nih.gov/30910995
36,30900521,no,https://pubmed.ncbi.nlm.nih.gov/30900521
37,35138716,no,https://pubmed.ncbi.nlm.nih.gov/35138716
38,35093706,yes,https://pubmed.ncbi.nlm.nih.gov/35093706
39,35364388,no,https://pubmed.ncbi.nlm.nih.gov/35364388
40,35949234,yes,https://pubmed.ncbi.nlm.nih.gov/35949234
41,36128866,no,https://pubmed.ncbi.nlm.nih.gov/36128866
42,30922250,no,https://pubmed.ncbi.nlm.nih.gov/30922250
43,37798042,no,https://pubmed.ncbi.nlm.nih.gov/37798042
44,34952313,yes,https://pubmed.ncbi.nlm.nih.gov/34952313
45,37441657,yes,https://pubmed.ncbi.nlm.nih.gov/37441657
47,33031254,no,https://pubmed.ncbi.nlm.nih.gov/33031254
48,37653177,no,https://pubmed.ncbi.nlm.nih.gov/37653177
49,35759987,no,https://pubmed.ncbi.nlm.nih.gov/35759987
50,30936329,no,https://pubmed.ncbi.nlm.nih.gov/30936329
51,36447773,no,https://pubmed.ncbi.nlm.nih.gov/36447773
52,33135813,no,https://pubmed.ncbi.nlm.nih.gov/33135813
53,32064187,no,https://pubmed.ncbi.nlm.nih.gov/32064187
54,35225763,no,https://pubmed.ncbi.nlm.nih.gov/35225763
55,33934716,yes,https://pubmed.ncbi.nlm.nih.gov/33934716
57,31780602,yes,https://pubmed.ncbi.nlm.nih.gov/31780602
58,30925448,no,https://pubmed.ncbi.nlm.nih.gov/30925448
59,35908963,no,https://pubmed.ncbi.nlm.nih.gov/35908963
60,36791527,no,https://pubmed.ncbi.nlm.nih.gov/36791527
61,31303916,no,https://pubmed.ncbi.nlm.nih.gov/31303916
62,34636790,no,https://pubmed.ncbi.nlm.nih.gov/34636790
63,37229005,maybe,https://pubmed.ncbi.nlm.nih.gov/37229005
64,31193089,no,https://pubmed.ncbi.nlm.nih.gov/31193089
65,36277738,yes,https://pubmed.ncbi.nlm.nih.gov/36277738
66,31198812,no,https://pubmed.ncbi.nlm.nih.gov/31198812
67,34813449,no,https://pubmed.ncbi.nlm.nih.gov/34813449
68,36407142,no,https://pubmed.ncbi.nlm.nih.gov/36407142
69,36176184,no,https://pubmed.ncbi.nlm.nih.gov/36176184
70,34608421,yes,https://pubmed.ncbi.nlm.nih.gov/34608421
71,31996190,yes,https://pubmed.ncbi.nlm.nih.gov/31996190
72,34507673,no,https://pubmed.ncbi.nlm.nih.gov/34507673
73,34246385,no,https://pubmed.ncbi.nlm.nih.gov/34246385
74,35259701,no,https://pubmed.ncbi.nlm.nih.gov/35259701
75,33978390,yes,https://pubmed.ncbi.nlm.nih.gov/33978390
76,31703187,yes,https://pubmed.ncbi.nlm.nih.gov/31703187
77,33906888,no,https://pubmed.ncbi.nlm.nih.gov/33906888
78,33055481,no,https://pubmed.ncbi.nlm.nih.gov/33055481
79,31032566,no,https://pubmed.ncbi.nlm.nih.gov/31032566
80,34193446,no,https://pubmed.ncbi.nlm.nih.gov/34193446
81,36595862,no,https://pubmed.ncbi.nlm.nih.gov/36595862
82,32309003,no,https://pubmed.ncbi.nlm.nih.gov/32309003
83,34429963,no,https://pubmed.ncbi.nlm.nih.gov/34429963
84,35127075,no,https://pubmed.ncbi.nlm.nih.gov/35127075
85,35999773,no,https://pubmed.ncbi.nlm.nih.gov/35999773
86,30737322,no,https://pubmed.ncbi.nlm.nih.gov/30737322
87,35103434,yes,https://pubmed.ncbi.nlm.nih.gov/35103434
88,33130583,no,https://pubmed.ncbi.nlm.nih.gov/33130583
89,36805852,no,https://pubmed.ncbi.nlm.nih.gov/36805852
90,35261465,no,https://pubmed.ncbi.nlm.nih.gov/35261465
91,30590129,no,https://pubmed.ncbi.nlm.nih.gov/30590129
92,35279354,no,https://pubmed.ncbi.nlm.nih.gov/35279354
93,33837030,yes,https://pubmed.ncbi.nlm.nih.gov/33837030
94,35496747,no,https://pubmed.ncbi.nlm.nih.gov/35496747
96,37442982,yes,https://pubmed.ncbi.nlm.nih.gov/37442982
97,30611267,yes,https://pubmed.ncbi.nlm.nih.gov/30611267
98,30852495,no,https://pubmed.ncbi.nlm.nih.gov/30852495
99,34976488,no,https://pubmed.ncbi.nlm.nih.gov/34976488
100,35859937,no,https://pubmed.ncbi.nlm.nih.gov/35859937
