Index,PubID,Result,Links
1,32155645,yes,https://pubmed.ncbi.nlm.nih.gov/32155645
2,31810384,no,https://pubmed.ncbi.nlm.nih.gov/31810384
3,31272578,yes,https://pubmed.ncbi.nlm.nih.gov/31272578
4,30793842,no,https://pubmed.ncbi.nlm.nih.gov/30793842
5,30680646,no,https://pubmed.ncbi.nlm.nih.gov/30680646
6,32085587,no,https://pubmed.ncbi.nlm.nih.gov/32085587
7,30864508,no,https://pubmed.ncbi.nlm.nih.gov/30864508
8,33476530,no,https://pubmed.ncbi.nlm.nih.gov/33476530
9,34654968,no,https://pubmed.ncbi.nlm.nih.gov/34654968
10,30974443,yes,https://pubmed.ncbi.nlm.nih.gov/30974443
11,34506326,yes,https://pubmed.ncbi.nlm.nih.gov/34506326
12,36328610,no,https://pubmed.ncbi.nlm.nih.gov/36328610
13,31552207,yes,https://pubmed.ncbi.nlm.nih.gov/31552207
14,30868956,no,https://pubmed.ncbi.nlm.nih.gov/30868956
15,32855507,no,https://pubmed.ncbi.nlm.nih.gov/32855507
16,33664467,no,https://pubmed.ncbi.nlm.nih.gov/33664467
17,35451633,yes,https://pubmed.ncbi.nlm.nih.gov/35451633
18,33498880,no,https://pubmed.ncbi.nlm.nih.gov/33498880
19,30099108,no,https://pubmed.ncbi.nlm.nih.gov/30099108
20,36768793,no,https://pubmed.ncbi.nlm.nih.gov/36768793
21,34704805,yes,https://pubmed.ncbi.nlm.nih.gov/34704805
22,34644520,no,https://pubmed.ncbi.nlm.nih.gov/34644520
23,30384985,yes,https://pubmed.ncbi.nlm.nih.gov/30384985
24,35929629,no,https://pubmed.ncbi.nlm.nih.gov/35929629
25,34283868,yes,https://pubmed.ncbi.nlm.nih.gov/34283868
26,31838477,yes,https://pubmed.ncbi.nlm.nih.gov/31838477
27,37527001,maybe,https://pubmed.ncbi.nlm.nih.gov/37527001
28,34274152,yes,https://pubmed.ncbi.nlm.nih.gov/34274152
29,36383399,yes,https://pubmed.ncbi.nlm.nih.gov/36383399
32,29695206,yes,https://pubmed.ncbi.nlm.nih.gov/29695206
33,35209998,no,https://pubmed.ncbi.nlm.nih.gov/35209998
34,30771811,yes,https://pubmed.ncbi.nlm.nih.gov/30771811
35,30196017,yes,https://pubmed.ncbi.nlm.nih.gov/30196017
36,33958518,yes,https://pubmed.ncbi.nlm.nih.gov/33958518
37,31126684,yes,https://pubmed.ncbi.nlm.nih.gov/31126684
38,35125082,no,https://pubmed.ncbi.nlm.nih.gov/35125082
39,30143341,no,https://pubmed.ncbi.nlm.nih.gov/30143341
40,36653576,yes,https://pubmed.ncbi.nlm.nih.gov/36653576
41,32008132,no,https://pubmed.ncbi.nlm.nih.gov/32008132
42,35229116,no,https://pubmed.ncbi.nlm.nih.gov/35229116
43,35210000,yes,https://pubmed.ncbi.nlm.nih.gov/35210000
44,37396706,yes,https://pubmed.ncbi.nlm.nih.gov/37396706
45,30082194,no,https://pubmed.ncbi.nlm.nih.gov/30082194
46,37452811,no,https://pubmed.ncbi.nlm.nih.gov/37452811
47,30145059,yes,https://pubmed.ncbi.nlm.nih.gov/30145059
48,34024450,yes,https://pubmed.ncbi.nlm.nih.gov/34024450
49,30771813,no,https://pubmed.ncbi.nlm.nih.gov/30771813
50,37368219,no,https://pubmed.ncbi.nlm.nih.gov/37368219
51,29980346,yes,https://pubmed.ncbi.nlm.nih.gov/29980346
52,34829543,no,https://pubmed.ncbi.nlm.nih.gov/34829543
53,30989465,no,https://pubmed.ncbi.nlm.nih.gov/30989465
54,36572621,no,https://pubmed.ncbi.nlm.nih.gov/36572621
55,30172660,yes,https://pubmed.ncbi.nlm.nih.gov/30172660
56,32855506,no,https://pubmed.ncbi.nlm.nih.gov/32855506
57,30771816,no,https://pubmed.ncbi.nlm.nih.gov/30771816
58,34836137,yes,https://pubmed.ncbi.nlm.nih.gov/34836137
59,33312348,no,https://pubmed.ncbi.nlm.nih.gov/33312348
60,34953780,no,https://pubmed.ncbi.nlm.nih.gov/34953780
61,31575803,no,https://pubmed.ncbi.nlm.nih.gov/31575803
62,35110122,no,https://pubmed.ncbi.nlm.nih.gov/35110122
63,33378779,yes,https://pubmed.ncbi.nlm.nih.gov/33378779
64,37295298,no,https://pubmed.ncbi.nlm.nih.gov/37295298
65,30499415,yes,https://pubmed.ncbi.nlm.nih.gov/30499415
66,34727861,yes,https://pubmed.ncbi.nlm.nih.gov/34727861
67,34469367,yes,https://pubmed.ncbi.nlm.nih.gov/34469367
68,33902422,no,https://pubmed.ncbi.nlm.nih.gov/33902422
69,35086498,yes,https://pubmed.ncbi.nlm.nih.gov/35086498
70,30387398,yes,https://pubmed.ncbi.nlm.nih.gov/30387398
71,36034384,yes,https://pubmed.ncbi.nlm.nih.gov/36034384
72,36142816,yes,https://pubmed.ncbi.nlm.nih.gov/36142816
73,36621416,no,https://pubmed.ncbi.nlm.nih.gov/36621416
74,36604292,no,https://pubmed.ncbi.nlm.nih.gov/36604292
75,35241991,no,https://pubmed.ncbi.nlm.nih.gov/35241991
76,34090670,yes,https://pubmed.ncbi.nlm.nih.gov/34090670
77,32953856,yes,https://pubmed.ncbi.nlm.nih.gov/32953856
78,30582482,no,https://pubmed.ncbi.nlm.nih.gov/30582482
79,35128909,yes,https://pubmed.ncbi.nlm.nih.gov/35128909
80,31264395,no,https://pubmed.ncbi.nlm.nih.gov/31264395
82,31077334,maybe,https://pubmed.ncbi.nlm.nih.gov/31077334
83,30100524,yes,https://pubmed.ncbi.nlm.nih.gov/30100524
85,31238334,yes,https://pubmed.ncbi.nlm.nih.gov/31238334
86,32843076,yes,https://pubmed.ncbi.nlm.nih.gov/32843076
87,32615312,yes,https://pubmed.ncbi.nlm.nih.gov/32615312
88,33447301,maybe,https://pubmed.ncbi.nlm.nih.gov/33447301
89,33337396,yes,https://pubmed.ncbi.nlm.nih.gov/33337396
90,30656552,no,https://pubmed.ncbi.nlm.nih.gov/30656552
91,33440455,yes,https://pubmed.ncbi.nlm.nih.gov/33440455
94,36068527,no,https://pubmed.ncbi.nlm.nih.gov/36068527
95,32439118,no,https://pubmed.ncbi.nlm.nih.gov/32439118
96,32855511,no,https://pubmed.ncbi.nlm.nih.gov/32855511
97,34626783,yes,https://pubmed.ncbi.nlm.nih.gov/34626783
98,31919288,no,https://pubmed.ncbi.nlm.nih.gov/31919288
99,31305401,yes,https://pubmed.ncbi.nlm.nih.gov/31305401
100,31518363,no,https://pubmed.ncbi.nlm.nih.gov/31518363
