Index,PubID,Result,Links
1,33515391,no,https://pubmed.ncbi.nlm.nih.gov/33515391
3,34209445,no,https://pubmed.ncbi.nlm.nih.gov/34209445
4,31466661,maybe,https://pubmed.ncbi.nlm.nih.gov/31466661
5,37144623,yes,https://pubmed.ncbi.nlm.nih.gov/37144623
7,31897519,no,https://pubmed.ncbi.nlm.nih.gov/31897519
10,37109304,no,https://pubmed.ncbi.nlm.nih.gov/37109304
11,31165193,no,https://pubmed.ncbi.nlm.nih.gov/31165193
12,33482754,yes,https://pubmed.ncbi.nlm.nih.gov/33482754
13,32451558,no,https://pubmed.ncbi.nlm.nih.gov/32451558
14,36934655,no,https://pubmed.ncbi.nlm.nih.gov/36934655
15,32108489,no,https://pubmed.ncbi.nlm.nih.gov/32108489
16,32590790,yes,https://pubmed.ncbi.nlm.nih.gov/32590790
17,30817419,no,https://pubmed.ncbi.nlm.nih.gov/30817419
18,32950242,no,https://pubmed.ncbi.nlm.nih.gov/32950242
19,35667602,no,https://pubmed.ncbi.nlm.nih.gov/35667602
21,32354316,no,https://pubmed.ncbi.nlm.nih.gov/32354316
22,31158569,yes,https://pubmed.ncbi.nlm.nih.gov/31158569
23,33938985,no,https://pubmed.ncbi.nlm.nih.gov/33938985
24,33484272,no,https://pubmed.ncbi.nlm.nih.gov/33484272
25,30679114,no,https://pubmed.ncbi.nlm.nih.gov/30679114
26,37835554,no,https://pubmed.ncbi.nlm.nih.gov/37835554
27,31425335,no,https://pubmed.ncbi.nlm.nih.gov/31425335
28,34176365,no,https://pubmed.ncbi.nlm.nih.gov/34176365
29,33506706,yes,https://pubmed.ncbi.nlm.nih.gov/33506706
31,30603771,no,https://pubmed.ncbi.nlm.nih.gov/30603771
32,29742917,yes,https://pubmed.ncbi.nlm.nih.gov/29742917
33,32918112,no,https://pubmed.ncbi.nlm.nih.gov/32918112
34,35998238,no,https://pubmed.ncbi.nlm.nih.gov/35998238
35,36496339,yes,https://pubmed.ncbi.nlm.nih.gov/36496339
36,33237827,no,https://pubmed.ncbi.nlm.nih.gov/33237827
37,33448027,yes,https://pubmed.ncbi.nlm.nih.gov/33448027
38,30480491,yes,https://pubmed.ncbi.nlm.nih.gov/30480491
39,32248448,no,https://pubmed.ncbi.nlm.nih.gov/32248448
40,30762618,no,https://pubmed.ncbi.nlm.nih.gov/30762618
41,29572568,yes,https://pubmed.ncbi.nlm.nih.gov/29572568
43,33482784,no,https://pubmed.ncbi.nlm.nih.gov/33482784
46,35768850,no,https://pubmed.ncbi.nlm.nih.gov/35768850
47,35611275,no,https://pubmed.ncbi.nlm.nih.gov/35611275
48,30849068,yes,https://pubmed.ncbi.nlm.nih.gov/30849068
49,33635286,no,https://pubmed.ncbi.nlm.nih.gov/33635286
50,33148968,no,https://pubmed.ncbi.nlm.nih.gov/33148968
51,36801962,no,https://pubmed.ncbi.nlm.nih.gov/36801962
52,35333132,no,https://pubmed.ncbi.nlm.nih.gov/35333132
53,31834812,yes,https://pubmed.ncbi.nlm.nih.gov/31834812
54,33202393,yes,https://pubmed.ncbi.nlm.nih.gov/33202393
57,37510201,no,https://pubmed.ncbi.nlm.nih.gov/37510201
58,31181027,no,https://pubmed.ncbi.nlm.nih.gov/31181027
59,30839485,no,https://pubmed.ncbi.nlm.nih.gov/30839485
60,32030504,no,https://pubmed.ncbi.nlm.nih.gov/32030504
61,36848028,no,https://pubmed.ncbi.nlm.nih.gov/36848028
62,35171125,yes,https://pubmed.ncbi.nlm.nih.gov/35171125
63,32109145,yes,https://pubmed.ncbi.nlm.nih.gov/32109145
64,32303800,no,https://pubmed.ncbi.nlm.nih.gov/32303800
65,34111983,no,https://pubmed.ncbi.nlm.nih.gov/34111983
66,32317562,no,https://pubmed.ncbi.nlm.nih.gov/32317562
67,34748525,maybe,https://pubmed.ncbi.nlm.nih.gov/34748525
68,31402520,no,https://pubmed.ncbi.nlm.nih.gov/31402520
69,31413685,no,https://pubmed.ncbi.nlm.nih.gov/31413685
70,37210457,no,https://pubmed.ncbi.nlm.nih.gov/37210457
71,33434767,yes,https://pubmed.ncbi.nlm.nih.gov/33434767
72,33010775,no,https://pubmed.ncbi.nlm.nih.gov/33010775
73,36598521,no,https://pubmed.ncbi.nlm.nih.gov/36598521
74,30315327,no,https://pubmed.ncbi.nlm.nih.gov/30315327
75,33996154,yes,https://pubmed.ncbi.nlm.nih.gov/33996154
76,31087540,yes,https://pubmed.ncbi.nlm.nih.gov/31087540
77,32234018,no,https://pubmed.ncbi.nlm.nih.gov/32234018
78,34392444,no,https://pubmed.ncbi.nlm.nih.gov/34392444
79,36915189,maybe,https://pubmed.ncbi.nlm.nih.gov/36915189
80,37496022,no,https://pubmed.ncbi.nlm.nih.gov/37496022
81,32544036,yes,https://pubmed.ncbi.nlm.nih.gov/32544036
82,36159439,no,https://pubmed.ncbi.nlm.nih.gov/36159439
83,35797610,no,https://pubmed.ncbi.nlm.nih.gov/35797610
84,36700283,yes,https://pubmed.ncbi.nlm.nih.gov/36700283
85,36988525,no,https://pubmed.ncbi.nlm.nih.gov/36988525
86,30391071,no,https://pubmed.ncbi.nlm.nih.gov/30391071
87,30166050,no,https://pubmed.ncbi.nlm.nih.gov/30166050
88,30762800,yes,https://pubmed.ncbi.nlm.nih.gov/30762800
89,30903259,no,https://pubmed.ncbi.nlm.nih.gov/30903259
90,33765643,no,https://pubmed.ncbi.nlm.nih.gov/33765643
92,36648521,no,https://pubmed.ncbi.nlm.nih.gov/36648521
93,33971894,yes,https://pubmed.ncbi.nlm.nih.gov/33971894
94,34766564,yes,https://pubmed.ncbi.nlm.nih.gov/34766564
95,33165267,yes,https://pubmed.ncbi.nlm.nih.gov/33165267
96,35388316,no,https://pubmed.ncbi.nlm.nih.gov/35388316
97,33380180,yes,https://pubmed.ncbi.nlm.nih.gov/33380180
98,36438027,yes,https://pubmed.ncbi.nlm.nih.gov/36438027
99,29863601,yes,https://pubmed.ncbi.nlm.nih.gov/29863601
100,35051956,maybe,https://pubmed.ncbi.nlm.nih.gov/35051956
