pubId,Relevancy,Links
34619251,No,https://pubmed.ncbi.nlm.nih.gov/34619251
33657293,No,https://pubmed.ncbi.nlm.nih.gov/33657293
33227350,No,https://pubmed.ncbi.nlm.nih.gov/33227350
34710362,No,https://pubmed.ncbi.nlm.nih.gov/34710362
33832544,No,https://pubmed.ncbi.nlm.nih.gov/33832544
35340032,No,https://pubmed.ncbi.nlm.nih.gov/35340032
37159035,No,https://pubmed.ncbi.nlm.nih.gov/37159035
34924279,No,https://pubmed.ncbi.nlm.nih.gov/34924279
36558421,No,https://pubmed.ncbi.nlm.nih.gov/36558421
35035378,No,https://pubmed.ncbi.nlm.nih.gov/35035378
31700229,No,https://pubmed.ncbi.nlm.nih.gov/31700229
36843910,No,https://pubmed.ncbi.nlm.nih.gov/36843910
31992948,No,https://pubmed.ncbi.nlm.nih.gov/31992948
33686051,No,https://pubmed.ncbi.nlm.nih.gov/33686051
35347088,No,https://pubmed.ncbi.nlm.nih.gov/35347088
30890750,No,https://pubmed.ncbi.nlm.nih.gov/30890750
30602573,No,https://pubmed.ncbi.nlm.nih.gov/30602573
30218427,No,https://pubmed.ncbi.nlm.nih.gov/30218427
32718222,No,https://pubmed.ncbi.nlm.nih.gov/32718222
31313853,No,https://pubmed.ncbi.nlm.nih.gov/31313853
36998141,No,https://pubmed.ncbi.nlm.nih.gov/36998141
34046927,Maybe,https://pubmed.ncbi.nlm.nih.gov/34046927
37125245,No,https://pubmed.ncbi.nlm.nih.gov/37125245
36999654,No,https://pubmed.ncbi.nlm.nih.gov/36999654
30908822,No,https://pubmed.ncbi.nlm.nih.gov/30908822
31827939,No,https://pubmed.ncbi.nlm.nih.gov/31827939
31372912,Yes,https://pubmed.ncbi.nlm.nih.gov/31372912
33528280,No,https://pubmed.ncbi.nlm.nih.gov/33528280
34231100,Yes,https://pubmed.ncbi.nlm.nih.gov/34231100
31199920,No,https://pubmed.ncbi.nlm.nih.gov/31199920
31234013,No,https://pubmed.ncbi.nlm.nih.gov/31234013
33984016,No,https://pubmed.ncbi.nlm.nih.gov/33984016
30877989,No,https://pubmed.ncbi.nlm.nih.gov/30877989
30324639,No,https://pubmed.ncbi.nlm.nih.gov/30324639
30957702,No,https://pubmed.ncbi.nlm.nih.gov/30957702
31558881,No,https://pubmed.ncbi.nlm.nih.gov/31558881
31826901,No,https://pubmed.ncbi.nlm.nih.gov/31826901
36013566,Yes,https://pubmed.ncbi.nlm.nih.gov/36013566
33393329,No,https://pubmed.ncbi.nlm.nih.gov/33393329
33590677,No,https://pubmed.ncbi.nlm.nih.gov/33590677
31307925,No,https://pubmed.ncbi.nlm.nih.gov/31307925
31071367,No,https://pubmed.ncbi.nlm.nih.gov/31071367
34168043,No,https://pubmed.ncbi.nlm.nih.gov/34168043
33300167,No,https://pubmed.ncbi.nlm.nih.gov/33300167
34522873,Maybe,https://pubmed.ncbi.nlm.nih.gov/34522873
35989851,No,https://pubmed.ncbi.nlm.nih.gov/35989851
35788931,No,https://pubmed.ncbi.nlm.nih.gov/35788931
33642355,No,https://pubmed.ncbi.nlm.nih.gov/33642355
31238121,No,https://pubmed.ncbi.nlm.nih.gov/31238121
31803945,No,https://pubmed.ncbi.nlm.nih.gov/31803945
31953139,No,https://pubmed.ncbi.nlm.nih.gov/31953139
34297981,No,https://pubmed.ncbi.nlm.nih.gov/34297981
32192740,No,https://pubmed.ncbi.nlm.nih.gov/32192740
37620821,No,https://pubmed.ncbi.nlm.nih.gov/37620821
32198057,No,https://pubmed.ncbi.nlm.nih.gov/32198057
30878955,No,https://pubmed.ncbi.nlm.nih.gov/30878955
30935688,No,https://pubmed.ncbi.nlm.nih.gov/30935688
32356496,No,https://pubmed.ncbi.nlm.nih.gov/32356496
33251981,No,https://pubmed.ncbi.nlm.nih.gov/33251981
34970255,Maybe,https://pubmed.ncbi.nlm.nih.gov/34970255
31542739,No,https://pubmed.ncbi.nlm.nih.gov/31542739
31238471,No,https://pubmed.ncbi.nlm.nih.gov/31238471
37609656,No,https://pubmed.ncbi.nlm.nih.gov/37609656
30473364,Yes,https://pubmed.ncbi.nlm.nih.gov/30473364
32858197,No,https://pubmed.ncbi.nlm.nih.gov/32858197
31574533,No,https://pubmed.ncbi.nlm.nih.gov/31574533
31362807,No,https://pubmed.ncbi.nlm.nih.gov/31362807
33402301,No,https://pubmed.ncbi.nlm.nih.gov/33402301
33517738,No,https://pubmed.ncbi.nlm.nih.gov/33517738
34151177,No,https://pubmed.ncbi.nlm.nih.gov/34151177
32392605,No,https://pubmed.ncbi.nlm.nih.gov/32392605
35764547,Maybe,https://pubmed.ncbi.nlm.nih.gov/35764547
31246992,No,https://pubmed.ncbi.nlm.nih.gov/31246992
34000056,No,https://pubmed.ncbi.nlm.nih.gov/34000056
33970396,No,https://pubmed.ncbi.nlm.nih.gov/33970396
32476788,No,https://pubmed.ncbi.nlm.nih.gov/32476788
37854104,No,https://pubmed.ncbi.nlm.nih.gov/37854104
31251928,No,https://pubmed.ncbi.nlm.nih.gov/31251928
33892972,No,https://pubmed.ncbi.nlm.nih.gov/33892972
32039366,No,https://pubmed.ncbi.nlm.nih.gov/32039366
31926988,No,https://pubmed.ncbi.nlm.nih.gov/31926988
32955203,No,https://pubmed.ncbi.nlm.nih.gov/32955203
29702297,No,https://pubmed.ncbi.nlm.nih.gov/29702297
32463127,Yes,https://pubmed.ncbi.nlm.nih.gov/32463127
30411754,No,https://pubmed.ncbi.nlm.nih.gov/30411754
33982972,Yes,https://pubmed.ncbi.nlm.nih.gov/33982972
31081770,No,https://pubmed.ncbi.nlm.nih.gov/31081770
31611038,No,https://pubmed.ncbi.nlm.nih.gov/31611038
37420236,No,https://pubmed.ncbi.nlm.nih.gov/37420236
32514684,Yes,https://pubmed.ncbi.nlm.nih.gov/32514684
37455215,Yes,https://pubmed.ncbi.nlm.nih.gov/37455215
34044785,No,https://pubmed.ncbi.nlm.nih.gov/34044785
35495021,No,https://pubmed.ncbi.nlm.nih.gov/35495021
31533893,No,https://pubmed.ncbi.nlm.nih.gov/31533893
37374049,No,https://pubmed.ncbi.nlm.nih.gov/37374049
33076203,No,https://pubmed.ncbi.nlm.nih.gov/33076203
35676183,No,https://pubmed.ncbi.nlm.nih.gov/35676183
31668391,No,https://pubmed.ncbi.nlm.nih.gov/31668391
31804331,No,https://pubmed.ncbi.nlm.nih.gov/31804331
