pubId,Relevancy,Links
35896233,Yes,https://pubmed.ncbi.nlm.nih.gov/35896233
34209445,No,https://pubmed.ncbi.nlm.nih.gov/34209445
31466661,No,https://pubmed.ncbi.nlm.nih.gov/31466661
37144623,Maybe,https://pubmed.ncbi.nlm.nih.gov/37144623
35220230,No,https://pubmed.ncbi.nlm.nih.gov/35220230
31897519,Yes,https://pubmed.ncbi.nlm.nih.gov/31897519
33451359,No,https://pubmed.ncbi.nlm.nih.gov/33451359
31746635,No,https://pubmed.ncbi.nlm.nih.gov/31746635
37109304,No,https://pubmed.ncbi.nlm.nih.gov/37109304
31165193,No,https://pubmed.ncbi.nlm.nih.gov/31165193
33482754,Yes,https://pubmed.ncbi.nlm.nih.gov/33482754
32451558,No,https://pubmed.ncbi.nlm.nih.gov/32451558
36934655,No,https://pubmed.ncbi.nlm.nih.gov/36934655
32108489,No,https://pubmed.ncbi.nlm.nih.gov/32108489
32590790,No,https://pubmed.ncbi.nlm.nih.gov/32590790
30817419,No,https://pubmed.ncbi.nlm.nih.gov/30817419
32950242,No,https://pubmed.ncbi.nlm.nih.gov/32950242
35667602,No,https://pubmed.ncbi.nlm.nih.gov/35667602
31907587,No,https://pubmed.ncbi.nlm.nih.gov/31907587
32354316,No,https://pubmed.ncbi.nlm.nih.gov/32354316
31158569,No,https://pubmed.ncbi.nlm.nih.gov/31158569
33938985,No,https://pubmed.ncbi.nlm.nih.gov/33938985
33484272,No,https://pubmed.ncbi.nlm.nih.gov/33484272
30679114,No,https://pubmed.ncbi.nlm.nih.gov/30679114
37835554,No,https://pubmed.ncbi.nlm.nih.gov/37835554
31425335,No,https://pubmed.ncbi.nlm.nih.gov/31425335
34176365,No,https://pubmed.ncbi.nlm.nih.gov/34176365
33506706,No,https://pubmed.ncbi.nlm.nih.gov/33506706
35224687,No,https://pubmed.ncbi.nlm.nih.gov/35224687
30603771,No,https://pubmed.ncbi.nlm.nih.gov/30603771
29742917,No,https://pubmed.ncbi.nlm.nih.gov/29742917
32918112,No,https://pubmed.ncbi.nlm.nih.gov/32918112
35998238,No,https://pubmed.ncbi.nlm.nih.gov/35998238
36496339,No,https://pubmed.ncbi.nlm.nih.gov/36496339
33237827,No,https://pubmed.ncbi.nlm.nih.gov/33237827
33448027,No,https://pubmed.ncbi.nlm.nih.gov/33448027
30480491,No,https://pubmed.ncbi.nlm.nih.gov/30480491
32248448,No,https://pubmed.ncbi.nlm.nih.gov/32248448
30762618,No,https://pubmed.ncbi.nlm.nih.gov/30762618
29572568,No,https://pubmed.ncbi.nlm.nih.gov/29572568
31630689,No,https://pubmed.ncbi.nlm.nih.gov/31630689
33482784,Yes,https://pubmed.ncbi.nlm.nih.gov/33482784
31081515,Yes,https://pubmed.ncbi.nlm.nih.gov/31081515
36410090,No,https://pubmed.ncbi.nlm.nih.gov/36410090
35768850,No,https://pubmed.ncbi.nlm.nih.gov/35768850
35611275,No,https://pubmed.ncbi.nlm.nih.gov/35611275
30849068,No,https://pubmed.ncbi.nlm.nih.gov/30849068
33635286,No,https://pubmed.ncbi.nlm.nih.gov/33635286
33148968,No,https://pubmed.ncbi.nlm.nih.gov/33148968
36801962,No,https://pubmed.ncbi.nlm.nih.gov/36801962
35333132,No,https://pubmed.ncbi.nlm.nih.gov/35333132
31834812,Maybe,https://pubmed.ncbi.nlm.nih.gov/31834812
33202393,No,https://pubmed.ncbi.nlm.nih.gov/33202393
34888155,No,https://pubmed.ncbi.nlm.nih.gov/34888155
30531251,Maybe,https://pubmed.ncbi.nlm.nih.gov/30531251
37510201,No,https://pubmed.ncbi.nlm.nih.gov/37510201
31181027,Yes,https://pubmed.ncbi.nlm.nih.gov/31181027
30839485,No,https://pubmed.ncbi.nlm.nih.gov/30839485
32030504,No,https://pubmed.ncbi.nlm.nih.gov/32030504
36848028,Yes,https://pubmed.ncbi.nlm.nih.gov/36848028
35171125,No,https://pubmed.ncbi.nlm.nih.gov/35171125
32109145,No,https://pubmed.ncbi.nlm.nih.gov/32109145
32303800,No,https://pubmed.ncbi.nlm.nih.gov/32303800
34111983,No,https://pubmed.ncbi.nlm.nih.gov/34111983
32317562,No,https://pubmed.ncbi.nlm.nih.gov/32317562
34748525,No,https://pubmed.ncbi.nlm.nih.gov/34748525
31402520,No,https://pubmed.ncbi.nlm.nih.gov/31402520
31413685,No,https://pubmed.ncbi.nlm.nih.gov/31413685
37210457,No,https://pubmed.ncbi.nlm.nih.gov/37210457
33434767,No,https://pubmed.ncbi.nlm.nih.gov/33434767
33010775,No,https://pubmed.ncbi.nlm.nih.gov/33010775
36598521,No,https://pubmed.ncbi.nlm.nih.gov/36598521
30315327,No,https://pubmed.ncbi.nlm.nih.gov/30315327
33996154,Yes,https://pubmed.ncbi.nlm.nih.gov/33996154
31087540,No,https://pubmed.ncbi.nlm.nih.gov/31087540
32234018,No,https://pubmed.ncbi.nlm.nih.gov/32234018
34392444,No,https://pubmed.ncbi.nlm.nih.gov/34392444
36915189,Yes,https://pubmed.ncbi.nlm.nih.gov/36915189
37496022,No,https://pubmed.ncbi.nlm.nih.gov/37496022
32544036,No,https://pubmed.ncbi.nlm.nih.gov/32544036
36159439,No,https://pubmed.ncbi.nlm.nih.gov/36159439
35797610,No,https://pubmed.ncbi.nlm.nih.gov/35797610
36700283,Yes,https://pubmed.ncbi.nlm.nih.gov/36700283
36988525,No,https://pubmed.ncbi.nlm.nih.gov/36988525
30391071,No,https://pubmed.ncbi.nlm.nih.gov/30391071
30166050,No,https://pubmed.ncbi.nlm.nih.gov/30166050
30762800,No,https://pubmed.ncbi.nlm.nih.gov/30762800
30903259,No,https://pubmed.ncbi.nlm.nih.gov/30903259
33765643,Maybe,https://pubmed.ncbi.nlm.nih.gov/33765643
37052653,Maybe,https://pubmed.ncbi.nlm.nih.gov/37052653
36648521,No,https://pubmed.ncbi.nlm.nih.gov/36648521
33971894,No,https://pubmed.ncbi.nlm.nih.gov/33971894
34766564,No,https://pubmed.ncbi.nlm.nih.gov/34766564
33165267,Yes,https://pubmed.ncbi.nlm.nih.gov/33165267
35388316,No,https://pubmed.ncbi.nlm.nih.gov/35388316
33380180,Yes,https://pubmed.ncbi.nlm.nih.gov/33380180
36438027,No,https://pubmed.ncbi.nlm.nih.gov/36438027
29863601,Maybe,https://pubmed.ncbi.nlm.nih.gov/29863601
35051956,Yes,https://pubmed.ncbi.nlm.nih.gov/35051956
