pubId,Relevancy,Links
31810384,Yes,https://pubmed.ncbi.nlm.nih.gov/31810384
31272578,No,https://pubmed.ncbi.nlm.nih.gov/31272578
30793842,Yes,https://pubmed.ncbi.nlm.nih.gov/30793842
30680646,Yes,https://pubmed.ncbi.nlm.nih.gov/30680646
32085587,Yes,https://pubmed.ncbi.nlm.nih.gov/32085587
30864508,No,https://pubmed.ncbi.nlm.nih.gov/30864508
33476530,No,https://pubmed.ncbi.nlm.nih.gov/33476530
34654968,No,https://pubmed.ncbi.nlm.nih.gov/34654968
30974443,No,https://pubmed.ncbi.nlm.nih.gov/30974443
34506326,No,https://pubmed.ncbi.nlm.nih.gov/34506326
36328610,No,https://pubmed.ncbi.nlm.nih.gov/36328610
31552207,No,https://pubmed.ncbi.nlm.nih.gov/31552207
30868956,Maybe,https://pubmed.ncbi.nlm.nih.gov/30868956
32855507,No,https://pubmed.ncbi.nlm.nih.gov/32855507
33664467,No,https://pubmed.ncbi.nlm.nih.gov/33664467
35451633,Yes,https://pubmed.ncbi.nlm.nih.gov/35451633
33498880,No,https://pubmed.ncbi.nlm.nih.gov/33498880
30099108,No,https://pubmed.ncbi.nlm.nih.gov/30099108
36768793,No,https://pubmed.ncbi.nlm.nih.gov/36768793
34704805,Maybe,https://pubmed.ncbi.nlm.nih.gov/34704805
34644520,No,https://pubmed.ncbi.nlm.nih.gov/34644520
30384985,No,https://pubmed.ncbi.nlm.nih.gov/30384985
35929629,No,https://pubmed.ncbi.nlm.nih.gov/35929629
34283868,No,https://pubmed.ncbi.nlm.nih.gov/34283868
31838477,Yes,https://pubmed.ncbi.nlm.nih.gov/31838477
37527001,No,https://pubmed.ncbi.nlm.nih.gov/37527001
34274152,No,https://pubmed.ncbi.nlm.nih.gov/34274152
36383399,Maybe,https://pubmed.ncbi.nlm.nih.gov/36383399
31433747,Yes,https://pubmed.ncbi.nlm.nih.gov/31433747
33771081,Yes,https://pubmed.ncbi.nlm.nih.gov/33771081
29695206,No,https://pubmed.ncbi.nlm.nih.gov/29695206
35209998,No,https://pubmed.ncbi.nlm.nih.gov/35209998
30771811,No,https://pubmed.ncbi.nlm.nih.gov/30771811
30196017,Yes,https://pubmed.ncbi.nlm.nih.gov/30196017
33958518,No,https://pubmed.ncbi.nlm.nih.gov/33958518
31126684,No,https://pubmed.ncbi.nlm.nih.gov/31126684
35125082,No,https://pubmed.ncbi.nlm.nih.gov/35125082
30143341,No,https://pubmed.ncbi.nlm.nih.gov/30143341
36653576,No,https://pubmed.ncbi.nlm.nih.gov/36653576
32008132,Maybe,https://pubmed.ncbi.nlm.nih.gov/32008132
35229116,Yes,https://pubmed.ncbi.nlm.nih.gov/35229116
35210000,No,https://pubmed.ncbi.nlm.nih.gov/35210000
37396706,No,https://pubmed.ncbi.nlm.nih.gov/37396706
30082194,yes,https://pubmed.ncbi.nlm.nih.gov/30082194
37452811,No,https://pubmed.ncbi.nlm.nih.gov/37452811
30145059,Yes,https://pubmed.ncbi.nlm.nih.gov/30145059
34024450,No,https://pubmed.ncbi.nlm.nih.gov/34024450
30771813,Yes,https://pubmed.ncbi.nlm.nih.gov/30771813
37368219,No,https://pubmed.ncbi.nlm.nih.gov/37368219
29980346,No,https://pubmed.ncbi.nlm.nih.gov/29980346
34829543,No,https://pubmed.ncbi.nlm.nih.gov/34829543
30989465,No,https://pubmed.ncbi.nlm.nih.gov/30989465
36572621,No,https://pubmed.ncbi.nlm.nih.gov/36572621
30172660,No,https://pubmed.ncbi.nlm.nih.gov/30172660
32855506,No,https://pubmed.ncbi.nlm.nih.gov/32855506
30771816,No,https://pubmed.ncbi.nlm.nih.gov/30771816
34836137,Maybe,https://pubmed.ncbi.nlm.nih.gov/34836137
33312348,Yes,https://pubmed.ncbi.nlm.nih.gov/33312348
34953780,No,https://pubmed.ncbi.nlm.nih.gov/34953780
31575803,No,https://pubmed.ncbi.nlm.nih.gov/31575803
35110122,Yes,https://pubmed.ncbi.nlm.nih.gov/35110122
33378779,No,https://pubmed.ncbi.nlm.nih.gov/33378779
37295298,yes,https://pubmed.ncbi.nlm.nih.gov/37295298
30499415,Yes,https://pubmed.ncbi.nlm.nih.gov/30499415
34727861,No,https://pubmed.ncbi.nlm.nih.gov/34727861
34469367,No,https://pubmed.ncbi.nlm.nih.gov/34469367
33902422,Yes,https://pubmed.ncbi.nlm.nih.gov/33902422
35086498,No,https://pubmed.ncbi.nlm.nih.gov/35086498
30387398,Maybe,https://pubmed.ncbi.nlm.nih.gov/30387398
36034384,No,https://pubmed.ncbi.nlm.nih.gov/36034384
36142816,No,https://pubmed.ncbi.nlm.nih.gov/36142816
36621416,No,https://pubmed.ncbi.nlm.nih.gov/36621416
36604292,No,https://pubmed.ncbi.nlm.nih.gov/36604292
35241991,Yes,https://pubmed.ncbi.nlm.nih.gov/35241991
34090670,No,https://pubmed.ncbi.nlm.nih.gov/34090670
32953856,No,https://pubmed.ncbi.nlm.nih.gov/32953856
30582482,Yes,https://pubmed.ncbi.nlm.nih.gov/30582482
35128909,No,https://pubmed.ncbi.nlm.nih.gov/35128909
31264395,Yes,https://pubmed.ncbi.nlm.nih.gov/31264395
30691547,No,https://pubmed.ncbi.nlm.nih.gov/30691547
31077334,No,https://pubmed.ncbi.nlm.nih.gov/31077334
30100524,No,https://pubmed.ncbi.nlm.nih.gov/30100524
31860703,yes,https://pubmed.ncbi.nlm.nih.gov/31860703
31238334,No,https://pubmed.ncbi.nlm.nih.gov/31238334
32843076,Yes,https://pubmed.ncbi.nlm.nih.gov/32843076
32615312,Maybe,https://pubmed.ncbi.nlm.nih.gov/32615312
33447301,No,https://pubmed.ncbi.nlm.nih.gov/33447301
33337396,No,https://pubmed.ncbi.nlm.nih.gov/33337396
30656552,Yes,https://pubmed.ncbi.nlm.nih.gov/30656552
33440455,No,https://pubmed.ncbi.nlm.nih.gov/33440455
37028265,No,https://pubmed.ncbi.nlm.nih.gov/37028265
35773509,Maybe,https://pubmed.ncbi.nlm.nih.gov/35773509
36068527,No,https://pubmed.ncbi.nlm.nih.gov/36068527
32439118,Yes,https://pubmed.ncbi.nlm.nih.gov/32439118
32855511,No,https://pubmed.ncbi.nlm.nih.gov/32855511
34626783,Maybe,https://pubmed.ncbi.nlm.nih.gov/34626783
31919288,Yes,https://pubmed.ncbi.nlm.nih.gov/31919288
31305401,No,https://pubmed.ncbi.nlm.nih.gov/31305401
31518363,No,https://pubmed.ncbi.nlm.nih.gov/31518363
